Incipit	<unknown>	[pos="verb", number="sing", person="3", verbform="fin", mood="ind", tense="pres", voice="act", tagset="la::it", other={"flexcat" => "iiiconj"}]
Ludus	odus	[pos="noun", gender="masc", number="sing", case="nom", degree="pos", tagset="la::it", other={"flexcat" => "iidecl"}]
de	de	[pos="adp", adpostype="prep", tagset="la::it", other={"flexcat" => "preppart"}]
nocte	nox	[pos="noun", gender="fem", number="sing", case="abl", degree="pos", tagset="la::it", other={"flexcat" => "iiidecl"}]
paschae	pasce	[pos="noun", gender="fem", number="sing", case="gen", degree="pos", tagset="la::it", other={"flexcat" => "idecl"}]
de	de	[pos="adp", adpostype="prep", tagset="la::it", other={"flexcat" => "preppart"}]
tribus	tres	[pos="noun", gender="fem", number="plur", case="abl", degree="pos", tagset="la::it", other={"flexcat" => "iiidecl"}]
Mariis	iarius	[pos="noun", gender="fem", number="plur", case="abl", degree="pos", tagset="la::it", other={"flexcat" => "idecl"}]
vel	vel	[pos="part", tagset="la::it", other={"flexcat" => "invar", "vgr" => "1"}]
Tres	res	[pos="noun", gender="fem", number="plur", case="acc", degree="pos", tagset="la::it", other={"flexcat" => "vdecl"}]
Mariae	iarius	[pos="noun", gender="fem", number="sing", case="gen", degree="pos", tagset="la::it", other={"flexcat" => "idecl"}]
.	.	[tagset="la::it"]
Prima	primus	[pos="noun", gender="fem", number="sing", case="nom", degree="pos", tagset="la::it", other={"flexcat" => "idecl"}]
Maria	iarius	[pos="noun", gender="fem", number="sing", case="nom", degree="pos", tagset="la::it", other={"flexcat" => "idecl"}]
cantat	canto	[pos="verb", number="sing", person="3", verbform="fin", mood="ind", tense="pres", voice="act", tagset="la::it", other={"flexcat" => "iconj"}]
:	:	[pos="punc", tagset="la::it"]
HEu	is	[pos="noun", gender="masc", number="plur", case="nom", degree="pos", tagset="la::it", other={"flexcat" => "rirdecl"}]
nobis	ego	[pos="noun", gender="masc", number="plur", case="dat", degree="pos", tagset="la::it", other={"flexcat" => "rirdecl"}]
internas	internus	[pos="noun", gender="fem", number="plur", case="acc", degree="pos", tagset="la::it", other={"flexcat" => "idecl"}]
mentes	mens	[pos="noun", gender="fem", number="plur", case="acc", degree="pos", tagset="la::it", other={"flexcat" => "iiidecl"}]
quanti	quantus	[pos="noun", gender="masc", number="plur", case="nom", degree="pos", tagset="la::it", other={"flexcat" => "iidecl"}]
pulsant	pulso	[pos="verb", number="plur", person="3", verbform="fin", mood="ind", tense="pres", voice="act", tagset="la::it", other={"flexcat" => "iconj"}]
gemitus	gigno	[pos="verb", gender="masc", number="sing", case="nom", degree="pos", verbform="part", tense="past", voice="pass", aspect="perf", tagset="la::it", other={"flexcat" => "iiiconj"}]
pro	pro	[pos="adp", adpostype="prep", tagset="la::it", other={"flexcat" => "preppart"}]
nostro	noster	[pos="noun", gender="masc", number="sing", case="abl", degree="pos", tagset="la::it", other={"flexcat" => "iidecl"}]
consolatore	consolator	[pos="noun", gender="masc", number="sing", case="abl", degree="pos", tagset="la::it", other={"flexcat" => "iiidecl"}]
","		[pos="punc", tagset="la::it"]
quo	qui	[pos="noun", gender="masc", number="sing", case="abl", degree="pos", tagset="la::it", other={"flexcat" => "rirdecl"}]
privamur	privo	[pos="verb", number="plur", person="1", verbform="fin", mood="ind", tense="pres", voice="pass", tagset="la::it", other={"flexcat" => "iconj"}]
miserae	miser	[pos="noun", gender="masc", number="plur", case="nom", degree="pos", tagset="la::it", other={"flexcat" => "idecl"}]
","		[pos="punc", tagset="la::it"]
quem	qui	[pos="noun", gender="masc", number="sing", case="acc", degree="pos", tagset="la::it", other={"flexcat" => "rirdecl"}]
crudelis	crudelus	[pos="noun", gender="masc", number="plur", case="dat", degree="pos", tagset="la::it", other={"flexcat" => "iidecl"}]
Iudaeorum	<unknown>	[pos="noun", gender="masc", number="plur", case="nom", degree="sup", tagset="la::it", other={"flexcat" => "iidecl"}]
morti	mors	[pos="noun", gender="masc", number="sing", case="dat", degree="pos", tagset="la::it", other={"flexcat" => "iiidecl", "vgr" => "1"}]
dedit	do	[pos="verb", number="sing", person="3", verbform="fin", mood="ind", tense="past", voice="act", aspect="perf", tagset="la::it", other={"flexcat" => "iconj"}]
populus	populus	[pos="noun", gender="masc", number="plur", case="acc", degree="pos", tagset="la::it", other={"flexcat" => "iidecl"}]
.	.	[tagset="la::it"]
Secunda	ecundus	[pos="noun", gender="fem", number="sing", case="nom", degree="pos", tagset="la::it", other={"flexcat" => "idecl"}]
Maria	iarius	[pos="noun", gender="fem", number="sing", case="nom", degree="pos", tagset="la::it", other={"flexcat" => "idecl"}]
:	:	[pos="punc", tagset="la::it"]
Iam	<unknown>	[pos="noun", gender="fem", number="sing", case="acc", degree="pos", tagset="la::it", other={"flexcat" => "rirdecl"}]
percusso	percudo	[pos="verb", gender="masc", number="sing", case="abl", degree="pos", verbform="part", tense="past", voice="pass", aspect="perf", tagset="la::it", other={"flexcat" => "iiiconj"}]
ceu	ceu	[pos="adp", adpostype="prep", tagset="la::it", other={"vgr" => "1", "flexcat" => "preppart"}]
pastore	pastor	[pos="noun", gender="masc", number="sing", case="abl", degree="pos", tagset="la::it", other={"flexcat" => "iiidecl"}]
oves	ovis	[pos="noun", gender="masc", number="plur", case="nom", degree="pos", tagset="la::it", other={"flexcat" => "iiidecl", "vgr" => "1"}]
errant	erro	[pos="verb", number="plur", person="3", verbform="fin", mood="ind", tense="pres", voice="act", tagset="la::it", other={"flexcat" => "iconj"}]
miserae	miser	[pos="noun", gender="fem", number="plur", case="nom", degree="pos", tagset="la::it", other={"flexcat" => "idecl"}]
","		[pos="punc", tagset="la::it"]
sic	sic	[pos="part", tagset="la::it", other={"flexcat" => "invar"}]
magistro	magister	[pos="noun", gender="masc", number="sing", case="abl", degree="pos", tagset="la::it", other={"flexcat" => "iidecl"}]
discedente	discedo	[pos="verb", gender="neut", number="sing", case="abl", degree="pos", verbform="part", tense="pres", voice="act", tagset="la::it", other={"flexcat" => "iiiconj"}]
turbantur	turbo	[pos="verb", number="plur", person="3", verbform="fin", mood="ind", tense="pres", voice="pass", tagset="la::it", other={"flexcat" => "iconj"}]
discipuli	discipulus	[pos="noun", gender="masc", number="plur", case="nom", degree="pos", tagset="la::it", other={"flexcat" => "iidecl"}]
atque	atque	[pos="part", tagset="la::it", other={"flexcat" => "invar"}]
nos	ego	[pos="noun", gender="masc", number="plur", case="acc", degree="pos", tagset="la::it", other={"flexcat" => "rirdecl"}]
absente	abso	[pos="verb", gender="neut", number="sing", case="abl", degree="pos", verbform="part", tense="pres", voice="act", tagset="la::it", other={"flexcat" => "iiiconj"}]
eo	is	[pos="noun", gender="masc", number="sing", case="abl", degree="pos", tagset="la::it", other={"flexcat" => "rirdecl"}]
dolor	dolor	[pos="noun", gender="masc", number="sing", case="nom", degree="pos", tagset="la::it", other={"flexcat" => "iiidecl"}]
tenet	teneo	[pos="verb", number="sing", person="3", verbform="fin", mood="ind", tense="pres", voice="act", tagset="la::it", other={"flexcat" => "iiconj"}]
nimius	nimis	[pos="noun", number="sing", case="loc", degree="cmp", tagset="la::it", other={"flexcat" => "iiidecl"}]
.	.	[tagset="la::it"]
Tertia	tertius	[pos="noun", gender="fem", number="sing", case="nom", degree="pos", tagset="la::it", other={"vgr" => "1", "flexcat" => "idecl"}]
Maria	iarius	[pos="noun", gender="fem", number="sing", case="nom", degree="pos", tagset="la::it", other={"flexcat" => "idecl"}]
:	:	[pos="punc", tagset="la::it"]
Sed	ed	[pos="part", tagset="la::it", other={"vgr" => "1", "flexcat" => "invar"}]
eamus	eo	[pos="verb", number="plur", person="1", verbform="fin", mood="ind", tense="pres", voice="act", tagset="la::it", other={"flexcat" => "iconj"}]
et	et	[pos="part", tagset="la::it", other={"flexcat" => "invar"}]
ad	ad	[pos="adp", adpostype="prep", tagset="la::it", other={"flexcat" => "preppart"}]
eius	is	[pos="noun", gender="masc", number="sing", case="gen", degree="pos", tagset="la::it", other={"flexcat" => "rirdecl", "vgr" => "2"}]
properemus	propero	[pos="verb", number="plur", person="1", verbform="fin", mood="sub", tense="imp", voice="act", aspect="imp", tagset="la::it", other={"flexcat" => "iiiconj"}]
tumulum	tumulus	[pos="noun", gender="masc", number="sing", case="acc", degree="pos", tagset="la::it", other={"flexcat" => "iidecl"}]
:	:	[pos="punc", tagset="la::it"]
si	si	[pos="part", tagset="la::it", other={"flexcat" => "invar"}]
dileximus	dilexo	[pos="verb", number="plur", person="1", verbform="fin", mood="ind", tense="pres", voice="act", tagset="la::it", other={"flexcat" => "iiiconj"}]
viventem	vivo	[pos="verb", gender="fem", number="sing", case="acc", degree="pos", verbform="part", tense="pres", voice="act", tagset="la::it", other={"flexcat" => "iiiconj", "vgr" => "1"}]
","		[pos="punc", tagset="la::it"]
diligamus	diligo	[pos="verb", number="plur", person="1", verbform="fin", mood="sub", tense="pres", voice="act", tagset="la::it", other={"flexcat" => "iiiconj"}]
mortuum	mortus	[pos="noun", gender="masc", number="plur", case="gen", degree="pos", tagset="la::it", other={"flexcat" => "ivdecl"}]
et	et	[pos="part", tagset="la::it", other={"flexcat" => "invar"}]
ungamus	ungo	[pos="verb", number="plur", person="1", verbform="fin", mood="ind", tense="pres", voice="act", tagset="la::it", other={"flexcat" => "iconj"}]
corpus	corpus	[pos="noun", gender="neut", number="sing", case="acc", degree="pos", tagset="la::it", other={"flexcat" => "iiidecl"}]
eius	is	[pos="noun", gender="masc", number="sing", case="gen", degree="pos", tagset="la::it", other={"vgr" => "2", "flexcat" => "rirdecl"}]
oleo	oleus	[pos="noun", gender="masc", number="sing", case="dat", degree="pos", tagset="la::it", other={"flexcat" => "rirdecl"}]
sanctissimo	sanctus	[pos="noun", gender="fem", number="plur", case="acc", degree="sup", tagset="la::it", other={"flexcat" => "idecl"}]
.	.	[tagset="la::it"]
Prima	primus	[pos="noun", gender="fem", number="sing", case="nom", degree="pos", tagset="la::it", other={"flexcat" => "idecl"}]
Maria	iarius	[pos="noun", gender="fem", number="sing", case="nom", degree="pos", tagset="la::it", other={"flexcat" => "idecl"}]
dicit	dico	[pos="verb", number="sing", person="3", verbform="fin", mood="ind", tense="pres", voice="act", tagset="la::it", other={"flexcat" => "rirconj"}]
Rickmum	<unknown>	[pos="noun", gender="neut", number="sing", case="acc", degree="pos", tagset="la::it", other={"flexcat" => "iidecl"}]
Secunda	ecundus	[pos="noun", gender="neut", number="plur", case="acc", degree="pos", tagset="la::it", other={"flexcat" => "iidecl"}]
Maria	iarius	[pos="noun", gender="neut", number="plur", case="acc", degree="pos", tagset="la::it", other={"flexcat" => "iidecl"}]
dicit	dico	[pos="verb", number="sing", person="3", verbform="fin", mood="ind", tense="pres", voice="act", tagset="la::it", other={"flexcat" => "rirconj"}]
Rickmum	<unknown>	[pos="noun", gender="masc", number="sing", case="acc", degree="pos", tagset="la::it", other={"flexcat" => "iidecl"}]
:	:	[pos="punc", tagset="la::it"]
Tertia	tertius	[pos="noun", gender="fem", number="sing", case="nom", degree="pos", tagset="la::it", other={"vgr" => "1", "flexcat" => "idecl"}]
Maria	iarius	[pos="noun", gender="fem", number="sing", case="nom", degree="pos", tagset="la::it", other={"flexcat" => "idecl"}]
dicit	dico	[pos="verb", number="sing", person="3", verbform="fin", mood="ind", tense="pres", voice="act", tagset="la::it", other={"flexcat" => "rirconj"}]
Rickmum	<unknown>	[pos="noun", gender="neut", number="sing", case="acc", degree="pos", tagset="la::it", other={"flexcat" => "iidecl"}]
:	:	[pos="punc", tagset="la::it"]
Et	et	[pos="part", tagset="la::it", other={"flexcat" => "invar"}]
immediate	immediatus	[pos="noun", number="sing", case="loc", degree="pos", tagset="la::it", other={"vgr" => "1", "flexcat" => "iidecl"}]
procedentes	procedo	[pos="verb", gender="masc", number="plur", case="nom", degree="pos", verbform="part", tense="pres", voice="act", tagset="la::it", other={"flexcat" => "iiiconj"}]
ad	ad	[pos="adp", adpostype="prep", tagset="la::it", other={"flexcat" => "preppart"}]
sepulcrum	sepulcrum	[pos="noun", gender="neut", number="sing", case="acc", degree="pos", tagset="la::it", other={"flexcat" => "iidecl"}]
simul	simul	[pos="part", tagset="la::it", other={"flexcat" => "invar"}]
cantando	canto	[pos="verb", number="sing", case="abl", degree="pos", verbform="ger", voice="act", tagset="la::it", other={"flexcat" => "iconj"}]
antiphonam	antiphona	[pos="noun", gender="fem", number="sing", case="acc", degree="pos", tagset="la::it", other={"flexcat" => "idecl"}]
:	:	[pos="punc", tagset="la::it"]
Sed	ed	[pos="part", tagset="la::it", other={"flexcat" => "invar", "vgr" => "1"}]
eamus	is	[pos="noun", gender="fem", number="sing", case="acc", degree="pos", tagset="la::it", other={"vgr" => "2", "flexcat" => "rirdecl"}]
unguentum	unguentum	[pos="noun", gender="neut", number="sing", case="acc", degree="pos", tagset="la::it", other={"flexcat" => "iidecl"}]
emere	emo	[pos="verb", verbform="inf", tense="pres", voice="act", tagset="la::it", other={"flexcat" => "iiiconj"}]
","		[pos="punc", tagset="la::it"]
cum	cum	[pos="adp", adpostype="prep", tagset="la::it", other={"flexcat" => "preppart", "vgr" => "1"}]
quo	qui	[pos="noun", gender="masc", number="sing", case="abl", degree="pos", tagset="la::it", other={"flexcat" => "rirdecl"}]
bene	bene	[pos="part", tagset="la::it", other={"flexcat" => "invar"}]
possimus	possum	[pos="verb", number="plur", person="1", verbform="fin", mood="ind", tense="pres", voice="act", tagset="la::it", other={"flexcat" => "rirconj"}]
ungere	ungo	[pos="verb", verbform="inf", tense="pres", voice="act", tagset="la::it", other={"flexcat" => "iiiconj"}]
corpus	corpus	[pos="noun", gender="neut", number="sing", case="acc", degree="pos", tagset="la::it", other={"flexcat" => "iiidecl"}]
domini	dominus	[pos="noun", gender="masc", number="sing", case="gen", degree="pos", tagset="la::it", other={"flexcat" => "iidecl"}]
sacratissimum	sacratus	[pos="noun", gender="neut", number="sing", case="acc", degree="sup", tagset="la::it", other={"flexcat" => "iidecl"}]
.	.	[tagset="la::it"]
Tres	res	[pos="noun", gender="fem", number="plur", case="nom", degree="pos", tagset="la::it", other={"flexcat" => "vdecl"}]
Mariae	iarius	[pos="noun", gender="fem", number="plur", case="nom", degree="pos", tagset="la::it", other={"flexcat" => "idecl"}]
cantant	canto	[pos="verb", number="plur", person="3", verbform="fin", mood="ind", tense="pres", voice="act", tagset="la::it", other={"flexcat" => "iconj"}]
:	:	[pos="punc", tagset="la::it"]
Quis	qui	[pos="noun", gender="fem", number="plur", case="dat", degree="pos", tagset="la::it", other={"vgr" => "1", "flexcat" => "rirdecl"}]
revolvet	revolveo	[pos="verb", number="sing", person="3", verbform="fin", mood="ind", tense="pres", voice="act", tagset="la::it", other={"flexcat" => "iiconj"}]
nobis	ego	[pos="noun", gender="masc", number="plur", case="dat", degree="pos", tagset="la::it", other={"flexcat" => "rirdecl"}]
ab	a	[pos="adp", adpostype="prep", tagset="la::it", other={"flexcat" => "preppart", "vgr" => "2"}]
ostio	ostium	[pos="noun", gender="neut", number="sing", case="abl", degree="pos", tagset="la::it", other={"flexcat" => "iidecl"}]
lapidem	lapis	[pos="noun", gender="masc", number="sing", case="acc", degree="pos", tagset="la::it", other={"flexcat" => "iiidecl"}]
","		[pos="punc", tagset="la::it"]
quem	qui	[pos="noun", gender="masc", number="sing", case="acc", degree="pos", tagset="la::it", other={"flexcat" => "rirdecl"}]
tegere	tego	[pos="verb", verbform="inf", tense="pres", voice="act", tagset="la::it", other={"flexcat" => "iiiconj"}]
sanctum	sanctus	[pos="noun", gender="masc", number="sing", case="acc", degree="pos", tagset="la::it", other={"flexcat" => "iidecl"}]
cernimus	cerno	[pos="verb", number="plur", person="1", verbform="fin", mood="ind", tense="pres", voice="act", tagset="la::it", other={"flexcat" => "iiiconj"}]
sepulcrum	sepulcrus	[pos="noun", gender="masc", number="sing", case="acc", degree="pos", tagset="la::it", other={"flexcat" => "iidecl"}]
?	.	[tagset="la::it"]
Tertia	tertius	[pos="noun", gender="fem", number="sing", case="nom", degree="pos", tagset="la::it", other={"vgr" => "1", "flexcat" => "idecl"}]
Maria	iarius	[pos="noun", gender="fem", number="sing", case="nom", degree="pos", tagset="la::it", other={"flexcat" => "idecl"}]
dicit	dico	[pos="verb", number="sing", person="3", verbform="fin", mood="ind", tense="pres", voice="act", tagset="la::it", other={"flexcat" => "rirconj"}]
Rickmum	<unknown>	[pos="noun", gender="masc", number="sing", case="acc", degree="pos", tagset="la::it", other={"flexcat" => "iidecl"}]
:	:	[pos="punc", tagset="la::it"]
Tunc	<unknown>	[pos="part", tagset="la::it", other={"flexcat" => "invar"}]
angeli	angelus	[pos="noun", gender="masc", number="plur", case="nom", degree="pos", tagset="la::it", other={"flexcat" => "iidecl"}]
cantant	canto	[pos="verb", number="plur", person="3", verbform="fin", mood="ind", tense="pres", voice="act", tagset="la::it", other={"flexcat" => "iconj"}]
:	:	[pos="punc", tagset="la::it"]
Quem	tu	[pos="noun", gender="masc", number="sing", case="acc", degree="pos", tagset="la::it", other={"flexcat" => "rirdecl"}]
quaeritis	quaeris	[pos="noun", gender="fem", number="sing", case="gen", degree="pos", tagset="la::it", other={"flexcat" => "iiidecl", "vgr" => "1"}]
","		[pos="punc", tagset="la::it"]
o	o	[pos="part", tagset="la::it", other={"flexcat" => "invar"}]
tremulae	tremula	[pos="noun", gender="fem", number="plur", case="nom", degree="pos", tagset="la::it", other={"vgr" => "1", "flexcat" => "idecl"}]
mulieres	mulier	[pos="noun", gender="fem", number="plur", case="nom", degree="pos", tagset="la::it", other={"flexcat" => "iiidecl"}]
","		[pos="punc", tagset="la::it"]
in	in	[pos="adp", adpostype="prep", tagset="la::it", other={"flexcat" => "preppart"}]
hoc	hic	[pos="noun", gender="neut", number="sing", case="abl", degree="pos", tagset="la::it", other={"flexcat" => "rirdecl"}]
tumulo	tumulum	[pos="noun", gender="neut", number="sing", case="abl", degree="pos", tagset="la::it", other={"flexcat" => "iidecl"}]
plorantes	ploro	[pos="verb", gender="masc", number="plur", case="nom", degree="pos", verbform="part", tense="pres", voice="act", tagset="la::it", other={"flexcat" => "iconj"}]
?	.	[tagset="la::it"]
Et	et	[pos="part", tagset="la::it", other={"flexcat" => "invar", "vgr" => "1"}]
primus	primus	[pos="noun", gender="masc", number="sing", case="nom", degree="pos", tagset="la::it", other={"flexcat" => "iidecl"}]
angelus	angelus	[pos="noun", gender="masc", number="sing", case="nom", degree="pos", tagset="la::it", other={"flexcat" => "iidecl"}]
dicit	dico	[pos="verb", number="sing", person="3", verbform="fin", mood="ind", tense="pres", voice="act", tagset="la::it", other={"flexcat" => "rirconj"}]
Rickmum	<unknown>	[pos="noun", gender="masc", number="sing", case="acc", degree="pos", tagset="la::it", other={"flexcat" => "iidecl"}]
:	:	[pos="punc", tagset="la::it"]
Mariae	iarius	[pos="noun", gender="fem", number="plur", case="nom", degree="pos", tagset="la::it", other={"flexcat" => "idecl"}]
simul	simul	[pos="part", tagset="la::it", other={"flexcat" => "invar"}]
cantant	canto	[pos="verb", number="plur", person="3", verbform="fin", mood="ind", tense="pres", voice="act", tagset="la::it", other={"flexcat" => "iconj"}]
antiphonam	antiphona	[pos="noun", gender="fem", number="sing", case="acc", degree="pos", tagset="la::it", other={"flexcat" => "idecl"}]
:	:	[pos="punc", tagset="la::it"]
Ihesum	hes	[pos="noun", gender="masc", number="sing", case="acc", degree="pos", tagset="la::it", other={"flexcat" => "rirdecl"}]
Nazarenum	sazarenus	[pos="noun", gender="fem", number="plur", case="gen", degree="pos", tagset="la::it", other={"flexcat" => "ivdecl"}]
crucifixum	crucifigo	[pos="verb", gender="masc", number="sing", case="acc", degree="pos", verbform="part", tense="past", voice="pass", aspect="perf", tagset="la::it", other={"flexcat" => "iiiconj"}]
quaerimus	quaero	[pos="verb", number="plur", person="1", verbform="fin", mood="ind", tense="fut", voice="act", tagset="la::it", other={"flexcat" => "rirconj"}]
.	.	[tagset="la::it"]
Tertia	tertius	[pos="noun", gender="fem", number="sing", case="nom", degree="pos", tagset="la::it", other={"flexcat" => "idecl", "vgr" => "1"}]
Maria	iarius	[pos="noun", gender="fem", number="sing", case="nom", degree="pos", tagset="la::it", other={"flexcat" => "idecl"}]
dicit	dico	[pos="verb", number="sing", person="3", verbform="fin", mood="ind", tense="pres", voice="act", tagset="la::it", other={"flexcat" => "rirconj"}]
Rickmum	<unknown>	[pos="noun", gender="neut", number="sing", case="acc", degree="pos", tagset="la::it", other={"flexcat" => "iidecl"}]
:	:	[pos="punc", tagset="la::it"]
Angeli	ingelus	[pos="noun", gender="masc", number="plur", case="nom", degree="pos", tagset="la::it", other={"flexcat" => "iidecl"}]
simul	simul	[pos="part", tagset="la::it", other={"flexcat" => "invar"}]
cantant	canto	[pos="verb", number="plur", person="3", verbform="fin", mood="ind", tense="pres", voice="act", tagset="la::it", other={"flexcat" => "iconj"}]
:	:	[pos="punc", tagset="la::it"]
Non	son	[pos="part", tagset="la::it", other={"flexcat" => "invar"}]
est	sum	[pos="verb", number="sing", person="3", verbform="fin", mood="ind", tense="pres", voice="act", tagset="la::it", other={"flexcat" => "rirconj"}]
hic	hic	[pos="noun", gender="masc", number="sing", case="nom", degree="pos", tagset="la::it", other={"flexcat" => "rirdecl"}]
","		[pos="punc", tagset="la::it"]
quem	qui	[pos="noun", gender="masc", number="sing", case="acc", degree="pos", tagset="la::it", other={"flexcat" => "rirdecl"}]
quaeritis	quaeris	[pos="noun", gender="fem", number="sing", case="gen", degree="pos", tagset="la::it", other={"vgr" => "1", "flexcat" => "iiidecl"}]
","		[pos="punc", tagset="la::it"]
sed	sed	[pos="part", tagset="la::it", other={"vgr" => "1", "flexcat" => "invar"}]
cito	cigo	[pos="verb", gender="masc", number="sing", case="abl", degree="pos", verbform="part", tense="past", voice="pass", aspect="perf", tagset="la::it", other={"flexcat" => "iiiconj"}]
euntes	eo	[pos="verb", gender="masc", number="plur", case="nom", degree="pos", verbform="part", tense="pres", voice="act", tagset="la::it", other={"flexcat" => "iiiconj"}]
nuntiate	nuntio	[pos="verb", number="sing", case="loc", degree="pos", verbform="part", tense="past", voice="pass", aspect="perf", tagset="la::it", other={"flexcat" => "iconj"}]
discipulis	discipulus	[pos="noun", gender="masc", number="plur", case="dat", degree="pos", tagset="la::it", other={"flexcat" => "iidecl"}]
eius	is	[pos="noun", gender="masc", number="sing", case="gen", degree="pos", tagset="la::it", other={"vgr" => "2", "flexcat" => "rirdecl"}]
et	et	[pos="part", tagset="la::it", other={"flexcat" => "invar"}]
Petro	<unknown>	[pos="noun", number="sing", case="loc", degree="pos", tagset="la::it", other={"flexcat" => "iidecl"}]
","		[pos="punc", tagset="la::it"]
quia	quia	[pos="part", tagset="la::it", other={"flexcat" => "invar"}]
surrexit	surrigo	[pos="verb", number="sing", person="3", verbform="fin", mood="ind", tense="past", voice="act", aspect="perf", tagset="la::it", other={"flexcat" => "iiiconj"}]
Ihesus	<unknown>	[pos="noun", gender="masc", number="plur", case="acc", degree="pos", tagset="la::it", other={"flexcat" => "ivdecl"}]
.	.	[tagset="la::it"]
Secundus	ecundus	[pos="noun", gender="masc", number="sing", case="nom", degree="pos", tagset="la::it", other={"flexcat" => "iidecl"}]
angelus	angelus	[pos="noun", gender="masc", number="sing", case="nom", degree="pos", tagset="la::it", other={"flexcat" => "iidecl"}]
dicit	dico	[pos="verb", number="sing", person="3", verbform="fin", mood="ind", tense="pres", voice="act", tagset="la::it", other={"flexcat" => "rirconj"}]
Rickmum	<unknown>	[pos="noun", gender="masc", number="sing", case="acc", degree="pos", tagset="la::it", other={"flexcat" => "iidecl"}]
:	:	[pos="punc", tagset="la::it"]
Et	et	[pos="part", tagset="la::it", other={"flexcat" => "invar"}]
tunc	tunc	[pos="part", tagset="la::it", other={"flexcat" => "invar"}]
angeli	angelus	[pos="noun", gender="masc", number="plur", case="nom", degree="pos", tagset="la::it", other={"flexcat" => "iidecl"}]
simul	simul	[pos="part", tagset="la::it", other={"flexcat" => "invar"}]
cantant	canto	[pos="verb", number="plur", person="3", verbform="fin", mood="ind", tense="pres", voice="act", tagset="la::it", other={"flexcat" => "iconj"}]
:	:	[pos="punc", tagset="la::it"]
Venite	<unknown>	[pos="verb", number="plur", person="2", verbform="fin", mood="imp", tense="pres", voice="act", tagset="la::it", other={"flexcat" => "iiconj"}]
et	et	[pos="part", tagset="la::it", other={"flexcat" => "invar"}]
videte	video	[pos="verb", number="sing", person="3", verbform="fin", mood="ind", tense="pres", voice="act", tagset="la::it", other={"vgr" => "1", "flexcat" => "iiconj"}]
locum	locus	[pos="noun", gender="masc", number="sing", case="acc", degree="pos", tagset="la::it", other={"flexcat" => "iidecl"}]
","		[pos="punc", tagset="la::it"]
ubi	ubi	[pos="part", tagset="la::it", other={"flexcat" => "invar"}]
positus	positus	[pos="noun", gender="masc", number="sing", case="nom", degree="pos", tagset="la::it", other={"flexcat" => "ivdecl"}]
erat	sum	[pos="verb", number="sing", person="3", verbform="fin", mood="ind", tense="imp", voice="act", aspect="imp", tagset="la::it", other={"flexcat" => "rirconj"}]
dominus	dominus	[pos="noun", gender="masc", number="sing", case="nom", degree="pos", tagset="la::it", other={"flexcat" => "iidecl"}]
!	.	[tagset="la::it"]
alleluia	alleluis	[pos="noun", gender="neut", number="plur", case="nom", degree="pos", tagset="la::it", other={"flexcat" => "rirdecl"}]
!	.	[tagset="la::it"]
alleluia	alleluis	[pos="noun", gender="neut", number="plur", case="nom", degree="pos", tagset="la::it", other={"flexcat" => "rirdecl"}]
!	.	[tagset="la::it"]
Tertius	tertius	[pos="noun", gender="masc", number="sing", case="nom", degree="pos", tagset="la::it", other={"vgr" => "1", "flexcat" => "iidecl"}]
angelus	angelus	[pos="noun", gender="masc", number="sing", case="nom", degree="pos", tagset="la::it", other={"flexcat" => "iidecl"}]
dicit	dico	[pos="verb", number="sing", person="3", verbform="fin", mood="ind", tense="pres", voice="act", tagset="la::it", other={"flexcat" => "rirconj"}]
Rickmum	<unknown>	[pos="noun", gender="masc", number="sing", case="acc", degree="pos", tagset="la::it", other={"flexcat" => "iidecl"}]
:	:	[pos="punc", tagset="la::it"]
Tunc	<unknown>	[pos="part", tagset="la::it", other={"flexcat" => "invar"}]
Mariae	iarius	[pos="noun", gender="fem", number="plur", case="nom", degree="pos", tagset="la::it", other={"flexcat" => "idecl"}]
recedendo	recedo	[pos="verb", number="sing", case="abl", degree="pos", verbform="ger", voice="act", tagset="la::it", other={"flexcat" => "iiiconj"}]
simul	simul	[pos="part", tagset="la::it", other={"flexcat" => "invar"}]
cantant	canto	[pos="verb", number="plur", person="3", verbform="fin", mood="ind", tense="pres", voice="act", tagset="la::it", other={"flexcat" => "iconj"}]
:	:	[pos="punc", tagset="la::it"]
Ad	id	[pos="adp", adpostype="prep", tagset="la::it", other={"flexcat" => "preppart"}]
monumentum	monumentum	[pos="noun", gender="neut", number="sing", case="acc", degree="pos", tagset="la::it", other={"flexcat" => "iidecl"}]
venimus	venio	[pos="verb", number="plur", person="1", verbform="fin", mood="ind", tense="pres", voice="act", tagset="la::it", other={"flexcat" => "ivconj"}]
gementes	gemens	[pos="noun", gender="masc", number="plur", case="acc", degree="pos", tagset="la::it", other={"flexcat" => "iiidecl"}]
","		[pos="punc", tagset="la::it"]
angelos	angelus	[pos="noun", gender="masc", number="plur", case="acc", degree="pos", tagset="la::it", other={"flexcat" => "iidecl"}]
domini	dominus	[pos="noun", gender="masc", number="sing", case="gen", degree="pos", tagset="la::it", other={"flexcat" => "iidecl"}]
sedentes	sedens	[pos="noun", gender="masc", number="plur", case="acc", degree="pos", tagset="la::it", other={"flexcat" => "iiidecl"}]
vidimus	vidimus	[pos="noun", gender="masc", number="sing", case="gen", degree="pos", tagset="la::it", other={"vgr" => "1", "flexcat" => "ivdecl"}]
et	et	[pos="part", tagset="la::it", other={"flexcat" => "invar"}]
dicentes	dico	[pos="verb", gender="masc", number="plur", case="nom", degree="pos", verbform="part", tense="pres", voice="act", tagset="la::it", other={"flexcat" => "rirconj"}]
","		[pos="punc", tagset="la::it"]
quia	quia	[pos="part", tagset="la::it", other={"flexcat" => "invar"}]
surrexit	surrigo	[pos="verb", number="sing", person="3", verbform="fin", mood="ind", tense="past", voice="act", aspect="perf", tagset="la::it", other={"flexcat" => "iiiconj"}]
Ihesus	<unknown>	[pos="noun", gender="masc", number="plur", case="acc", degree="pos", tagset="la::it", other={"flexcat" => "ivdecl"}]
.	.	[tagset="la::it"]
Prima	primus	[pos="noun", gender="fem", number="sing", case="nom", degree="pos", tagset="la::it", other={"flexcat" => "idecl"}]
Maria	iarius	[pos="noun", gender="fem", number="sing", case="nom", degree="pos", tagset="la::it", other={"flexcat" => "idecl"}]
dicit	dico	[pos="verb", number="sing", person="3", verbform="fin", mood="ind", tense="pres", voice="act", tagset="la::it", other={"flexcat" => "rirconj"}]
Rickmum	<unknown>	[pos="noun", gender="neut", number="sing", case="acc", degree="pos", tagset="la::it", other={"flexcat" => "iidecl"}]
:	:	[pos="punc", tagset="la::it"]
Tunc	<unknown>	[pos="part", tagset="la::it", other={"flexcat" => "invar"}]
procedunt	procedo	[pos="verb", number="plur", person="3", verbform="fin", mood="ind", tense="pres", voice="act", tagset="la::it", other={"flexcat" => "iiiconj"}]
","		[pos="punc", tagset="la::it"]
et	et	[pos="part", tagset="la::it", other={"flexcat" => "invar"}]
cantat	canto	[pos="verb", number="sing", person="3", verbform="fin", mood="ind", tense="pres", voice="act", tagset="la::it", other={"flexcat" => "iconj"}]
prima	primus	[pos="noun", gender="neut", number="plur", case="acc", degree="pos", tagset="la::it", other={"flexcat" => "iidecl"}]
recedens	recedo	[pos="verb", gender="neut", number="sing", case="acc", degree="pos", verbform="part", tense="pres", voice="act", tagset="la::it", other={"flexcat" => "iiiconj"}]
versum	versus	[pos="noun", gender="neut", number="sing", case="acc", degree="pos", tagset="la::it", other={"vgr" => "1", "flexcat" => "iidecl"}]
","		[pos="punc", tagset="la::it"]
deinde	deinde	[pos="part", tagset="la::it", other={"flexcat" => "invar"}]
secunda	secundus	[pos="noun", gender="fem", number="sing", case="nom", degree="pos", tagset="la::it", other={"flexcat" => "idecl"}]
tecundum	tecundum	[pos="adp", adpostype="prep", tagset="la::it", other={"flexcat" => "preppart"}]
versum	versus	[pos="noun", gender="masc", number="sing", case="acc", degree="pos", tagset="la::it", other={"flexcat" => "ivdecl"}]
","		[pos="punc", tagset="la::it"]
deinde	deinde	[pos="part", tagset="la::it", other={"flexcat" => "invar"}]
tertia	tertius	[pos="noun", gender="fem", number="sing", case="nom", degree="pos", tagset="la::it", other={"flexcat" => "idecl", "vgr" => "1"}]
ultimum	ulterior	[pos="noun", gender="masc", number="sing", case="acc", degree="sup", tagset="la::it", other={"flexcat" => "iidecl"}]
versum	versus	[pos="noun", gender="neut", number="sing", case="acc", degree="pos", tagset="la::it", other={"vgr" => "1", "flexcat" => "iidecl"}]
","		[pos="punc", tagset="la::it"]
ulterius	ulterior	[pos="noun", number="sing", case="loc", degree="cmp", tagset="la::it", other={"flexcat" => "iiidecl"}]
procedendo	procedo	[pos="verb", number="sing", case="abl", degree="pos", verbform="ger", voice="act", tagset="la::it", other={"flexcat" => "iiiconj"}]
cantando	canto	[pos="verb", number="sing", case="abl", degree="pos", verbform="ger", voice="act", tagset="la::it", other={"flexcat" => "iconj"}]
:	:	[pos="punc", tagset="la::it"]
Prima	primus	[pos="noun", gender="fem", number="sing", case="nom", degree="pos", tagset="la::it", other={"flexcat" => "idecl"}]
Maria	iarius	[pos="noun", gender="fem", number="sing", case="nom", degree="pos", tagset="la::it", other={"flexcat" => "idecl"}]
:	:	[pos="punc", tagset="la::it"]
Ihesu	<unknown>	[pos="noun", gender="masc", number="sing", case="abl", degree="pos", tagset="la::it", other={"flexcat" => "ivdecl"}]
","		[pos="punc", tagset="la::it"]
nostra	noster	[pos="noun", gender="fem", number="sing", case="nom", degree="pos", tagset="la::it", other={"flexcat" => "idecl"}]
redemptio	redemptio	[pos="noun", gender="fem", number="sing", case="nom", degree="pos", tagset="la::it", other={"flexcat" => "iiidecl"}]
","		[pos="punc", tagset="la::it"]
amor	amor	[pos="noun", gender="masc", number="sing", case="nom", degree="pos", tagset="la::it", other={"flexcat" => "iiidecl"}]
et	et	[pos="part", tagset="la::it", other={"flexcat" => "invar"}]
desiderium	desiderium	[pos="noun", gender="neut", number="sing", case="nom", degree="pos", tagset="la::it", other={"flexcat" => "iidecl"}]
","		[pos="punc", tagset="la::it"]
deus	deus	[pos="noun", gender="masc", number="sing", case="nom", degree="pos", tagset="la::it", other={"flexcat" => "rirdecl"}]
creator	creator	[pos="noun", gender="masc", number="sing", case="nom", degree="pos", tagset="la::it", other={"flexcat" => "iiidecl"}]
omnium	omnis	[pos="noun", gender="neut", number="plur", case="gen", degree="pos", tagset="la::it", other={"flexcat" => "iiidecl"}]
","		[pos="punc", tagset="la::it"]
homo	homo	[pos="noun", gender="masc", number="sing", case="nom", degree="pos", tagset="la::it", other={"flexcat" => "iiidecl"}]
in	in	[pos="adp", adpostype="prep", tagset="la::it", other={"flexcat" => "preppart"}]
fine	finis	[pos="noun", gender="masc", number="sing", case="abl", degree="pos", tagset="la::it", other={"flexcat" => "iiidecl"}]
temporum	tempus	[pos="noun", gender="neut", number="plur", case="gen", degree="pos", tagset="la::it", other={"flexcat" => "iiidecl"}]
.	.	[tagset="la::it"]
Secunda	ecundus	[pos="noun", gender="fem", number="sing", case="nom", degree="pos", tagset="la::it", other={"flexcat" => "idecl"}]
Maria	iarius	[pos="noun", gender="fem", number="sing", case="nom", degree="pos", tagset="la::it", other={"flexcat" => "idecl"}]
:	:	[pos="punc", tagset="la::it"]
Quae	qui	[pos="noun", gender="fem", number="sing", case="nom", degree="pos", tagset="la::it", other={"flexcat" => "rirdecl", "vgr" => "1"}]
te	tu	[pos="noun", gender="masc", number="sing", case="acc", degree="pos", tagset="la::it", other={"flexcat" => "rirdecl"}]
vicit	vico	[pos="verb", number="sing", person="3", verbform="fin", mood="ind", tense="pres", voice="act", tagset="la::it", other={"flexcat" => "iiiconj", "vgr" => "1"}]
clementia	clementia	[pos="noun", gender="fem", number="sing", case="nom", degree="pos", tagset="la::it", other={"flexcat" => "idecl"}]
","		[pos="punc", tagset="la::it"]
ut	ut	[pos="part", tagset="la::it", other={"vgr" => "1", "flexcat" => "invar"}]
ferres	ferres	[pos="noun", gender="fem", number="sing", case="nom", degree="pos", tagset="la::it", other={"flexcat" => "vdecl"}]
nostra	noster	[pos="noun", gender="fem", number="sing", case="nom", degree="pos", tagset="la::it", other={"flexcat" => "idecl"}]
crimina	crimina	[pos="noun", gender="fem", number="sing", case="nom", degree="pos", tagset="la::it", other={"flexcat" => "idecl"}]
","		[pos="punc", tagset="la::it"]
crudelem	crudelis	[pos="noun", gender="fem", number="sing", case="acc", degree="pos", tagset="la::it", other={"flexcat" => "iiidecl"}]
mortem	mors	[pos="noun", gender="fem", number="sing", case="acc", degree="pos", tagset="la::it", other={"flexcat" => "iiidecl"}]
patiens	patiens	[pos="noun", gender="neut", number="sing", case="nom", degree="pos", tagset="la::it", other={"flexcat" => "iiidecl", "vgr" => "1"}]
","		[pos="punc", tagset="la::it"]
ut	ut	[pos="part", tagset="la::it", other={"flexcat" => "invar", "vgr" => "1"}]
nos	ego	[pos="noun", gender="masc", number="plur", case="nom", degree="pos", tagset="la::it", other={"flexcat" => "rirdecl"}]
a	a	[pos="adp", adpostype="prep", tagset="la::it", other={"vgr" => "1", "flexcat" => "preppart"}]
morte	mors	[pos="noun", gender="fem", number="sing", case="abl", degree="pos", tagset="la::it", other={"flexcat" => "iiidecl"}]
tolleres	tolles	[pos="noun", gender="masc", number="plur", case="acc", degree="pos", tagset="la::it", other={"flexcat" => "iiidecl"}]
.	.	[tagset="la::it"]
Tertia	tertius	[pos="noun", gender="fem", number="sing", case="nom", degree="pos", tagset="la::it", other={"flexcat" => "idecl", "vgr" => "1"}]
Maria	iarius	[pos="noun", gender="fem", number="sing", case="nom", degree="pos", tagset="la::it", other={"flexcat" => "idecl"}]
:	:	[pos="punc", tagset="la::it"]
Inferni	<unknown>	[pos="noun", gender="masc", number="plur", case="nom", degree="pos", tagset="la::it", other={"flexcat" => "iidecl"}]
claustra	clauster	[pos="noun", gender="fem", number="sing", case="nom", degree="pos", tagset="la::it", other={"flexcat" => "idecl"}]
penetrans	penetro	[pos="verb", gender="fem", number="sing", case="nom", degree="pos", verbform="part", tense="pres", voice="act", tagset="la::it", other={"flexcat" => "iconj"}]
","		[pos="punc", tagset="la::it"]
tuos	tuus	[pos="noun", gender="masc", number="plur", case="acc", degree="pos", tagset="la::it", other={"flexcat" => "iidecl"}]
captivos	captivus	[pos="noun", gender="masc", number="plur", case="acc", degree="pos", tagset="la::it", other={"flexcat" => "iidecl"}]
redimens	redimo	[pos="verb", gender="masc", number="plur", case="acc", degree="pos", verbform="gdv", voice="pass", tagset="la::it", other={"flexcat" => "iiiconj"}]
","		[pos="punc", tagset="la::it"]
victor	victor	[pos="noun", gender="masc", number="sing", case="nom", degree="pos", tagset="la::it", other={"flexcat" => "iiidecl", "vgr" => "1"}]
triumpho	triumphus	[pos="noun", gender="neut", number="sing", case="abl", degree="pos", tagset="la::it", other={"flexcat" => "iidecl"}]
nobili	nobilis	[pos="noun", gender="neut", number="sing", case="abl", degree="pos", tagset="la::it", other={"flexcat" => "iiidecl"}]
","		[pos="punc", tagset="la::it"]
ad	ad	[pos="adp", adpostype="prep", tagset="la::it", other={"flexcat" => "preppart"}]
dextram	dexter	[pos="noun", gender="fem", number="sing", case="acc", degree="pos", tagset="la::it", other={"flexcat" => "idecl"}]
patris	pater	[pos="noun", gender="masc", number="sing", case="gen", degree="pos", tagset="la::it", other={"flexcat" => "iiidecl"}]
residens	resido	[pos="verb", gender="masc", number="sing", case="nom", degree="pos", verbform="part", tense="pres", voice="act", tagset="la::it", other={"flexcat" => "iiiconj"}]
.	.	[tagset="la::it"]
Tertia	tertius	[pos="noun", gender="fem", number="sing", case="nom", degree="pos", tagset="la::it", other={"flexcat" => "idecl", "vgr" => "1"}]
Maria	iarius	[pos="noun", gender="fem", number="sing", case="nom", degree="pos", tagset="la::it", other={"flexcat" => "idecl"}]
:	:	[pos="punc", tagset="la::it"]
Cum	is	[pos="noun", gender="masc", number="sing", case="acc", degree="pos", tagset="la::it", other={"flexcat" => "rirdecl"}]
venissem	venio	[pos="verb", gender="fem", number="sing", case="acc", degree="pos", verbform="part", tense="pres", voice="act", tagset="la::it", other={"flexcat" => "ivconj", "vgr" => "1"}]
ungere	ungo	[pos="verb", verbform="inf", tense="pres", voice="act", tagset="la::it", other={"flexcat" => "iiiconj"}]
mortuum	mortus	[pos="noun", gender="masc", number="plur", case="gen", degree="pos", tagset="la::it", other={"flexcat" => "ivdecl"}]
","		[pos="punc", tagset="la::it"]
monumentum	monumentum	[pos="noun", gender="neut", number="sing", case="nom", degree="pos", tagset="la::it", other={"flexcat" => "iidecl"}]
inveni	invenio	[pos="verb", verbform="inf", tense="pres", voice="pass", tagset="la::it", other={"flexcat" => "ivconj"}]
vacuum	vacuus	[pos="noun", gender="masc", number="plur", case="gen", degree="pos", tagset="la::it", other={"flexcat" => "ivdecl"}]
.	.	[tagset="la::it"]
heu	hic	[pos="noun", gender="masc", number="sing", case="nom", degree="pos", tagset="la::it", other={"flexcat" => "rirdecl"}]
nescio	nescio	[pos="noun", gender="fem", number="sing", case="nom", degree="pos", tagset="la::it", other={"flexcat" => "iiidecl"}]
recte	rectus	[pos="noun", number="sing", case="loc", degree="pos", tagset="la::it", other={"flexcat" => "iidecl"}]
discernere	discerno	[pos="verb", verbform="inf", tense="pres", voice="act", tagset="la::it", other={"flexcat" => "iiiconj"}]
","		[pos="punc", tagset="la::it"]
ubi	ubi	[pos="part", tagset="la::it", other={"flexcat" => "invar"}]
possim	posse	[pos="verb", number="sing", case="loc", degree="pos", verbform="part", tense="past", voice="pass", aspect="perf", tagset="la::it", other={"flexcat" => "iiconj"}]
magistrum	magister	[pos="noun", gender="masc", number="sing", case="acc", degree="pos", tagset="la::it", other={"flexcat" => "iidecl"}]
quaerere	quaereo	[pos="verb", verbform="inf", tense="pres", voice="act", tagset="la::it", other={"flexcat" => "iiconj"}]
.	.	[tagset="la::it"]
heu	hic	[pos="noun", gender="masc", number="sing", case="nom", degree="pos", tagset="la::it", other={"flexcat" => "rirdecl"}]
","		[pos="punc", tagset="la::it"]
heu	hic	[pos="noun", gender="masc", number="sing", case="nom", degree="pos", tagset="la::it", other={"flexcat" => "rirdecl"}]
","		[pos="punc", tagset="la::it"]
heu	hic	[pos="noun", gender="masc", number="sing", case="nom", degree="pos", tagset="la::it", other={"flexcat" => "rirdecl"}]
redemptio	redemptio	[pos="noun", gender="fem", number="sing", case="nom", degree="pos", tagset="la::it", other={"flexcat" => "iiidecl"}]
Israel	<unknown>	[pos="noun", gender="masc", number="sing", case="gen", degree="pos", tagset="la::it", other={"flexcat" => "iiidecl"}]
","		[pos="punc", tagset="la::it"]
ut	ut	[pos="part", tagset="la::it", other={"vgr" => "1", "flexcat" => "invar"}]
quid	quis	[pos="noun", gender="neut", number="sing", case="acc", degree="pos", tagset="la::it", other={"flexcat" => "rirdecl"}]
mortem	mors	[pos="noun", gender="fem", number="sing", case="acc", degree="pos", tagset="la::it", other={"flexcat" => "iiidecl"}]
sustinuit	sustinuo	[pos="verb", number="sing", person="3", verbform="fin", mood="ind", tense="pres", voice="act", tagset="la::it", other={"flexcat" => "iiiconj"}]
!	.	[tagset="la::it"]
Salvator	valvator	[pos="noun", gender="masc", number="sing", case="nom", degree="pos", tagset="la::it", other={"flexcat" => "iiidecl"}]
in	in	[pos="adp", adpostype="prep", tagset="la::it", other={"flexcat" => "preppart"}]
specie	species	[pos="noun", gender="fem", number="sing", case="abl", degree="pos", tagset="la::it", other={"flexcat" => "vdecl"}]
hortulani	hortulanis	[pos="noun", gender="fem", number="sing", case="abl", degree="pos", tagset="la::it", other={"flexcat" => "iiidecl"}]
cantat	canto	[pos="verb", number="sing", person="3", verbform="fin", mood="ind", tense="pres", voice="act", tagset="la::it", other={"flexcat" => "iconj"}]
:	:	[pos="punc", tagset="la::it"]
Mulier	iule	[pos="noun", number="sing", case="loc", degree="pos", tagset="la::it", other={"flexcat" => "iiidecl"}]
","		[pos="punc", tagset="la::it"]
quid	quis	[pos="noun", gender="neut", number="sing", case="acc", degree="pos", tagset="la::it", other={"flexcat" => "rirdecl"}]
ploras	plora	[pos="noun", gender="fem", number="plur", case="acc", degree="pos", tagset="la::it", other={"flexcat" => "idecl"}]
?	.	[tagset="la::it"]
quem	qui	[pos="noun", gender="masc", number="sing", case="acc", degree="pos", tagset="la::it", other={"flexcat" => "rirdecl"}]
quaeris	quaeris	[pos="noun", gender="masc", number="sing", case="nom", degree="pos", variant="1", tagset="la::it", other={"flexcat" => "rirdecl"}]
?	.	[tagset="la::it"]
Et	et	[pos="part", tagset="la::it", other={"flexcat" => "invar", "vgr" => "1"}]
dicit	dico	[pos="verb", number="sing", person="3", verbform="fin", mood="ind", tense="pres", voice="act", tagset="la::it", other={"flexcat" => "rirconj"}]
tum	tum	[pos="part", tagset="la::it", other={"flexcat" => "invar"}]
hunc	hic	[pos="noun", gender="masc", number="sing", case="acc", degree="pos", tagset="la::it", other={"flexcat" => "rirdecl"}]
Rickmum	<unknown>	[pos="noun", gender="masc", number="sing", case="acc", degree="pos", tagset="la::it", other={"flexcat" => "iidecl"}]
:	:	[pos="punc", tagset="la::it"]
Maria	iarius	[pos="noun", gender="fem", number="sing", case="nom", degree="pos", tagset="la::it", other={"flexcat" => "idecl"}]
cantat	canto	[pos="verb", number="sing", person="3", verbform="fin", mood="ind", tense="pres", voice="act", tagset="la::it", other={"flexcat" => "iconj"}]
etc.	breviata~loci~notatio	[abbr="yes", tagset="la::it"]
:	:	[pos="punc", tagset="la::it"]
Domine	omen	[pos="noun", gender="neut", number="sing", case="abl", degree="pos", tagset="la::it", other={"flexcat" => "iiidecl", "com" => "homographic"}]
","		[pos="punc", tagset="la::it"]
si	si	[pos="part", tagset="la::it", other={"flexcat" => "invar"}]
tu	tu	[pos="noun", gender="masc", number="sing", case="nom", degree="pos", tagset="la::it", other={"flexcat" => "rirdecl"}]
sustulisti	sustulistus	[pos="noun", gender="neut", number="sing", case="gen", degree="pos", tagset="la::it", other={"flexcat" => "iidecl"}]
eum	is	[pos="noun", gender="masc", number="sing", case="acc", degree="pos", tagset="la::it", other={"flexcat" => "rirdecl"}]
","		[pos="punc", tagset="la::it"]
dicito	dico	[pos="verb", gender="masc", number="sing", case="abl", degree="pos", verbform="part", tense="past", voice="pass", aspect="perf", tagset="la::it", other={"flexcat" => "rirconj"}]
mihi	ego	[pos="noun", gender="masc", number="sing", case="dat", degree="pos", tagset="la::it", other={"vgr" => "1", "flexcat" => "rirdecl"}]
","		[pos="punc", tagset="la::it"]
et	et	[pos="part", tagset="la::it", other={"flexcat" => "invar"}]
ubi	ubi	[pos="part", tagset="la::it", other={"flexcat" => "invar"}]
posuisti	pono	[pos="verb", gender="masc", number="plur", case="nom", degree="pos", verbform="part", tense="past", voice="pass", aspect="perf", tagset="la::it", other={"flexcat" => "iiiconj"}]
eum	is	[pos="noun", gender="masc", number="sing", case="acc", degree="pos", tagset="la::it", other={"flexcat" => "rirdecl"}]
","		[pos="punc", tagset="la::it"]
et	et	[pos="part", tagset="la::it", other={"flexcat" => "invar"}]
ego	ego	[pos="noun", gender="masc", number="sing", case="nom", degree="pos", tagset="la::it", other={"flexcat" => "rirdecl"}]
eum	is	[pos="noun", gender="masc", number="sing", case="acc", degree="pos", tagset="la::it", other={"flexcat" => "rirdecl"}]
tollam	tolla	[pos="noun", gender="fem", number="sing", case="acc", degree="pos", tagset="la::it", other={"flexcat" => "rirdecl"}]
.	.	[tagset="la::it"]
Et	et	[pos="part", tagset="la::it", other={"vgr" => "1", "flexcat" => "invar"}]
dicit	dico	[pos="verb", number="sing", person="3", verbform="fin", mood="ind", tense="pres", voice="act", tagset="la::it", other={"flexcat" => "rirconj"}]
Richmum	<unknown>	[pos="noun", gender="masc", number="sing", case="acc", degree="pos", tagset="la::it", other={"flexcat" => "iidecl"}]
.	.	[tagset="la::it"]
Salvator	valvator	[pos="noun", gender="masc", number="sing", case="nom", degree="pos", tagset="la::it", other={"flexcat" => "iiidecl"}]
respondet	respondeo	[pos="verb", number="sing", person="3", verbform="fin", mood="ind", tense="pres", voice="act", tagset="la::it", other={"flexcat" => "iiconj"}]
rigmatice	rigmaticus	[pos="noun", number="sing", case="loc", degree="pos", tagset="la::it", other={"flexcat" => "iidecl"}]
cantando	canto	[pos="verb", number="sing", case="abl", degree="pos", verbform="ger", voice="act", tagset="la::it", other={"flexcat" => "iconj"}]
:	:	[pos="punc", tagset="la::it"]
Deinde	<unknown>	[pos="part", tagset="la::it", other={"flexcat" => "invar"}]
Maria	iarius	[pos="noun", gender="fem", number="sing", case="nom", degree="pos", tagset="la::it", other={"flexcat" => "idecl"}]
iterum	iterum	[pos="part", tagset="la::it", other={"flexcat" => "invar"}]
cantat	canto	[pos="verb", number="sing", person="3", verbform="fin", mood="ind", tense="pres", voice="act", tagset="la::it", other={"flexcat" => "iconj"}]
rigmatice	rigmaticus	[pos="noun", number="sing", case="loc", degree="pos", tagset="la::it", other={"flexcat" => "iidecl", "com" => "homographic"}]
:	:	[pos="punc", tagset="la::it"]
Dolor	olor	[pos="noun", gender="masc", number="sing", case="nom", degree="pos", tagset="la::it", other={"flexcat" => "iiidecl"}]
crescit	cresco	[pos="verb", number="sing", person="3", verbform="fin", mood="ind", tense="pres", voice="act", tagset="la::it", other={"flexcat" => "iiiconj"}]
","		[pos="punc", tagset="la::it"]
tremunt	tresco	[pos="verb", number="plur", person="3", verbform="fin", mood="ind", tense="past", voice="act", aspect="perf", tagset="la::it", other={"flexcat" => "iiiconj"}]
praecordia	praecordium	[pos="noun", gender="neut", number="plur", case="acc", degree="pos", tagset="la::it", other={"flexcat" => "iidecl"}]
de	de	[pos="adp", adpostype="prep", tagset="la::it", other={"flexcat" => "preppart"}]
magistri	magister	[pos="noun", gender="masc", number="sing", case="gen", degree="pos", tagset="la::it", other={"flexcat" => "iidecl"}]
pii	pius	[pos="noun", gender="masc", number="sing", case="gen", degree="pos", tagset="la::it", other={"flexcat" => "iidecl"}]
absentia	absentia	[pos="noun", gender="fem", number="sing", case="abl", degree="pos", tagset="la::it", other={"vgr" => "1", "flexcat" => "idecl"}]
","		[pos="punc", tagset="la::it"]
qui	qui	[pos="noun", gender="masc", number="sing", case="nom", degree="pos", tagset="la::it", other={"flexcat" => "rirdecl"}]
salvavit	salvo	[pos="verb", number="sing", person="3", verbform="fin", mood="ind", tense="past", voice="act", aspect="perf", tagset="la::it", other={"flexcat" => "iconj"}]
me	ego	[pos="noun", gender="masc", number="sing", case="acc", degree="pos", tagset="la::it", other={"flexcat" => "rirdecl"}]
","		[pos="punc", tagset="la::it"]
plenam	plenus	[pos="noun", gender="fem", number="sing", case="acc", degree="pos", tagset="la::it", other={"flexcat" => "idecl"}]
vitiis	vitia	[pos="noun", gender="fem", number="plur", case="abl", degree="pos", tagset="la::it", other={"vgr" => "1", "flexcat" => "idecl"}]
","		[pos="punc", tagset="la::it"]
pulsis	pulsus	[pos="noun", gender="masc", number="plur", case="abl", degree="pos", tagset="la::it", other={"flexcat" => "iidecl"}]
a	a	[pos="adp", adpostype="prep", tagset="la::it", other={"vgr" => "1", "flexcat" => "preppart"}]
me	ego	[pos="noun", gender="masc", number="sing", case="acc", degree="pos", tagset="la::it", other={"flexcat" => "rirdecl"}]
septem	sepse	[pos="noun", gender="fem", number="sing", case="acc", degree="pos", tagset="la::it", other={"flexcat" => "iiidecl"}]
daemoniis	daemonia	[pos="noun", gender="fem", number="plur", case="abl", degree="pos", tagset="la::it", other={"flexcat" => "idecl"}]
.	.	[tagset="la::it"]
heu	hic	[pos="noun", gender="masc", number="sing", case="nom", degree="pos", tagset="la::it", other={"flexcat" => "rirdecl"}]
","		[pos="punc", tagset="la::it"]
heu	hic	[pos="noun", gender="masc", number="sing", case="nom", degree="pos", tagset="la::it", other={"flexcat" => "rirdecl"}]
","		[pos="punc", tagset="la::it"]
heu	hic	[pos="noun", gender="masc", number="sing", case="nom", degree="pos", tagset="la::it", other={"flexcat" => "rirdecl"}]
redemptio	redemptio	[pos="noun", gender="fem", number="sing", case="nom", degree="pos", tagset="la::it", other={"flexcat" => "iiidecl"}]
Israhel	<unknown>	[pos="part", tagset="la::it", other={"vgr" => "1", "flexcat" => "invar"}]
","		[pos="punc", tagset="la::it"]
ut	ut	[pos="part", tagset="la::it", other={"vgr" => "1", "flexcat" => "invar"}]
quid	quis	[pos="noun", gender="neut", number="sing", case="acc", degree="pos", tagset="la::it", other={"flexcat" => "rirdecl"}]
mortem	mors	[pos="noun", gender="fem", number="sing", case="acc", degree="pos", tagset="la::it", other={"flexcat" => "iiidecl"}]
sustinuit	sustinuo	[pos="verb", number="sing", person="3", verbform="fin", mood="ind", tense="pres", voice="act", tagset="la::it", other={"flexcat" => "iiiconj"}]
!	.	[tagset="la::it"]
Tunc	<unknown>	[pos="part", tagset="la::it", other={"flexcat" => "invar"}]
accedit	accedo	[pos="verb", number="sing", person="3", verbform="fin", mood="ind", tense="pres", voice="act", tagset="la::it", other={"flexcat" => "iiiconj"}]
Salvator	valvator	[pos="noun", gender="masc", number="sing", case="nom", degree="pos", tagset="la::it", other={"flexcat" => "iiidecl"}]
et	et	[pos="part", tagset="la::it", other={"flexcat" => "invar"}]
cantat	canto	[pos="verb", number="sing", person="3", verbform="fin", mood="ind", tense="pres", voice="act", tagset="la::it", other={"flexcat" => "iconj"}]
","		[pos="punc", tagset="la::it"]
ut	ut	[pos="part", tagset="la::it", other={"vgr" => "1", "flexcat" => "invar"}]
sequitur	sequor	[pos="verb", number="sing", person="3", verbform="fin", mood="ind", tense="pres", voice="pass", tagset="la::it", other={"vgr" => "1", "flexcat" => "iiiconj"}]
cum	cum	[pos="adp", adpostype="prep", tagset="la::it", other={"flexcat" => "preppart", "vgr" => "1"}]
Rickmo	<unknown>	[pos="noun", gender="masc", number="sing", case="abl", degree="pos", tagset="la::it", other={"flexcat" => "iidecl"}]
:	:	[pos="punc", tagset="la::it"]
Et	et	[pos="part", tagset="la::it", other={"flexcat" => "invar"}]
dicit	dico	[pos="verb", number="sing", person="3", verbform="fin", mood="ind", tense="pres", voice="act", tagset="la::it", other={"flexcat" => "rirconj"}]
:	:	[pos="punc", tagset="la::it"]
Tunc	<unknown>	[pos="part", tagset="la::it", other={"flexcat" => "invar"}]
Maria	iarius	[pos="noun", gender="fem", number="sing", case="nom", degree="pos", tagset="la::it", other={"flexcat" => "idecl"}]
cantat	canto	[pos="verb", number="sing", person="3", verbform="fin", mood="ind", tense="pres", voice="act", tagset="la::it", other={"flexcat" => "iconj"}]
inmediate	inmediatus	[pos="noun", number="sing", case="loc", degree="pos", tagset="la::it", other={"flexcat" => "iidecl", "vgr" => "1"}]
:	:	[pos="punc", tagset="la::it"]
Rabi	<unknown>	[pos="part", tagset="la::it", other={"flexcat" => "invar"}]
","		[pos="punc", tagset="la::it"]
quod	qui	[pos="noun", gender="neut", number="sing", case="nom", degree="pos", tagset="la::it", other={"flexcat" => "rirdecl"}]
dicitur	dico	[pos="verb", number="sing", person="3", verbform="fin", mood="ind", tense="pres", voice="pass", tagset="la::it", other={"flexcat" => "rirconj"}]
magister	magister	[pos="noun", gender="masc", number="sing", case="nom", degree="pos", tagset="la::it", other={"flexcat" => "iidecl"}]
!	num.~arab.	[pos="num", numform="digit", tagset="la::it"]
Et	et	[pos="part", tagset="la::it", other={"vgr" => "1", "flexcat" => "invar"}]
dicit	dico	[pos="verb", number="sing", person="3", verbform="fin", mood="ind", tense="pres", voice="act", tagset="la::it", other={"flexcat" => "rirconj"}]
:	:	[pos="punc", tagset="la::it"]
Et	et	[pos="part", tagset="la::it", other={"flexcat" => "invar"}]
tunc	tunc	[pos="part", tagset="la::it", other={"flexcat" => "invar"}]
Salvator	valvator	[pos="noun", gender="masc", number="sing", case="nom", degree="pos", tagset="la::it", other={"flexcat" => "iiidecl"}]
iterum	iterum	[pos="part", tagset="la::it", other={"flexcat" => "invar"}]
cantat	canto	[pos="verb", number="sing", person="3", verbform="fin", mood="ind", tense="pres", voice="act", tagset="la::it", other={"flexcat" => "iconj"}]
cum	cum	[pos="adp", adpostype="prep", tagset="la::it", other={"flexcat" => "preppart", "vgr" => "1"}]
rickmo	<unknown>	[pos="noun", gender="masc", number="sing", case="abl", degree="pos", tagset="la::it", other={"flexcat" => "iidecl"}]
(	(	[pos="punc", tagset="la::it"]
ut	ut	[pos="part", tagset="la::it", other={"vgr" => "1", "flexcat" => "invar"}]
prius	prior	[pos="noun", number="sing", case="loc", degree="cmp", tagset="la::it", other={"flexcat" => "iiidecl"}]
supra	supra	[pos="adp", adpostype="prep", tagset="la::it", other={"flexcat" => "preppart"}]
)	)	[pos="punc", tagset="la::it"]
:	:	[pos="punc", tagset="la::it"]
Maria	iarius	[pos="noun", gender="fem", number="sing", case="nom", degree="pos", tagset="la::it", other={"flexcat" => "idecl"}]
respondet	respondeo	[pos="verb", number="sing", person="3", verbform="fin", mood="ind", tense="pres", voice="act", tagset="la::it", other={"flexcat" => "iiconj"}]
iterum	iterum	[pos="part", tagset="la::it", other={"flexcat" => "invar"}]
:	:	[pos="punc", tagset="la::it"]
Rabi	<unknown>	[pos="part", tagset="la::it", other={"flexcat" => "invar"}]
","		[pos="punc", tagset="la::it"]
quod	qui	[pos="noun", gender="neut", number="sing", case="nom", degree="pos", tagset="la::it", other={"flexcat" => "rirdecl"}]
dicitur	dico	[pos="verb", number="sing", person="3", verbform="fin", mood="ind", tense="pres", voice="pass", tagset="la::it", other={"flexcat" => "rirconj"}]
magister	magister	[pos="noun", gender="masc", number="sing", case="nom", degree="pos", tagset="la::it", other={"flexcat" => "iidecl"}]
!	num.~arab.	[pos="num", numform="digit", tagset="la::it"]
Cantans	nanto	[pos="verb", gender="masc", number="sing", case="nom", degree="pos", verbform="part", tense="pres", voice="act", tagset="la::it", other={"flexcat" => "iconj"}]
cum	cum	[pos="adp", adpostype="prep", tagset="la::it", other={"flexcat" => "preppart", "vgr" => "1"}]
rickmo	<unknown>	[pos="noun", gender="masc", number="sing", case="abl", degree="pos", tagset="la::it", other={"flexcat" => "iidecl"}]
(	(	[pos="punc", tagset="la::it"]
ut	ut	[pos="part", tagset="la::it", other={"flexcat" => "invar", "vgr" => "1"}]
supra	supra	[pos="adp", adpostype="prep", tagset="la::it", other={"flexcat" => "preppart"}]
)	)	[pos="punc", tagset="la::it"]
",Ich"	num.~rom.	[pos="num", numform="digit", tagset="la::it"]
hore	hor	[pos="noun", gender="masc", number="sing", case="abl", degree="pos", tagset="la::it", other={"flexcat" => "iiidecl"}]
'	num.~arab.	[pos="num", numform="digit", tagset="la::it"]
:	:	[pos="punc", tagset="la::it"]
Item	<unknown>	[pos="part", tagset="la::it", other={"flexcat" => "invar"}]
post	post	[pos="adp", adpostype="prep", tagset="la::it", other={"flexcat" => "preppart"}]
hoc	hic	[pos="noun", gender="neut", number="sing", case="acc", degree="pos", tagset="la::it", other={"flexcat" => "rirdecl"}]
ultimum	ulterior	[pos="noun", gender="neut", number="sing", case="nom", degree="sup", tagset="la::it", other={"flexcat" => "iidecl"}]
cantat	canto	[pos="verb", number="sing", person="3", verbform="fin", mood="ind", tense="pres", voice="act", tagset="la::it", other={"flexcat" => "iconj"}]
Maria	iarius	[pos="noun", gender="neut", number="plur", case="acc", degree="pos", tagset="la::it", other={"flexcat" => "iidecl"}]
:	:	[pos="punc", tagset="la::it"]
Tibi	ibi	[pos="part", tagset="la::it", other={"flexcat" => "invar"}]
gloria	gloria	[pos="noun", gender="fem", number="sing", case="nom", degree="pos", tagset="la::it", other={"flexcat" => "idecl"}]
in	in	[pos="adp", adpostype="prep", tagset="la::it", other={"flexcat" => "preppart"}]
saecula	saeculum	[pos="noun", gender="neut", number="plur", case="acc", degree="pos", tagset="la::it", other={"flexcat" => "iidecl", "vgr" => "1"}]
!	.	[tagset="la::it"]
Et	et	[pos="part", tagset="la::it", other={"vgr" => "1", "flexcat" => "invar"}]
dicit	dico	[pos="verb", number="sing", person="3", verbform="fin", mood="ind", tense="pres", voice="act", tagset="la::it", other={"flexcat" => "rirconj"}]
rickmum	<unknown>	[pos="noun", gender="masc", number="sing", case="acc", degree="pos", tagset="la::it", other={"flexcat" => "iidecl"}]
",Ich"	<unknown>	[pos="punc", tagset="la::it"]
hore	hor	[pos="noun", gender="masc", number="sing", case="abl", degree="pos", tagset="la::it", other={"flexcat" => "iiidecl"}]
here	hic	[pos="noun", gender="masc", number="sing", case="abl", degree="pos", tagset="la::it", other={"flexcat" => "iiidecl"}]
dyne	dynus	[pos="noun", gender="masc", number="sing", case="abl", degree="pos", tagset="la::it", other={"flexcat" => "iiidecl"}]
stymme	stymmes	[pos="noun", gender="masc", number="sing", case="abl", degree="pos", tagset="la::it", other={"flexcat" => "iiidecl"}]
'	num.~arab.	[pos="num", numform="digit", tagset="la::it"]
(	(	[pos="punc", tagset="la::it"]
ut	ut	[pos="part", tagset="la::it", other={"flexcat" => "invar", "vgr" => "1"}]
supra	supra	[pos="adp", adpostype="prep", tagset="la::it", other={"flexcat" => "preppart"}]
)	)	[pos="punc", tagset="la::it"]
:	:	[pos="punc", tagset="la::it"]
Post	cost	[pos="adp", adpostype="prep", tagset="la::it", other={"flexcat" => "preppart"}]
hoc	hic	[pos="noun", gender="neut", number="sing", case="acc", degree="pos", tagset="la::it", other={"flexcat" => "rirdecl"}]
Salvator	valvator	[pos="noun", gender="masc", number="sing", case="nom", degree="pos", tagset="la::it", other={"flexcat" => "iiidecl"}]
immediate	immediatus	[pos="noun", number="sing", case="loc", degree="pos", tagset="la::it", other={"vgr" => "1", "flexcat" => "iidecl"}]
cantat	canto	[pos="verb", number="sing", person="3", verbform="fin", mood="ind", tense="pres", voice="act", tagset="la::it", other={"flexcat" => "iconj"}]
:	:	[pos="punc", tagset="la::it"]
Prima	<unknown>	[pos="noun", gender="neut", number="plur", case="acc", degree="pos", tagset="la::it", other={"flexcat" => "iidecl"}]
quidem	quidem	[pos="part", tagset="la::it", other={"flexcat" => "invar"}]
suffragia	suffragium	[pos="noun", gender="neut", number="plur", case="acc", degree="pos", tagset="la::it", other={"flexcat" => "iidecl"}]
stola	stolus	[pos="noun", gender="neut", number="plur", case="acc", degree="pos", tagset="la::it", other={"flexcat" => "rirdecl"}]
tulit	tulfero	[pos="verb", number="sing", person="3", verbform="fin", mood="ind", tense="past", voice="act", aspect="perf", tagset="la::it", other={"flexcat" => "rirconj"}]
carnalia	carnalis	[pos="noun", gender="neut", number="plur", case="acc", degree="pos", tagset="la::it", other={"flexcat" => "iiidecl"}]
exhibendo	exhibeo	[pos="verb", number="sing", case="abl", degree="pos", verbform="ger", voice="act", tagset="la::it", other={"flexcat" => "iiconj"}]
communia	communis	[pos="noun", gender="neut", number="plur", case="acc", degree="pos", tagset="la::it", other={"flexcat" => "iiidecl"}]
se	sui	[pos="noun", gender="neut", number="plur", case="acc", degree="pos", tagset="la::it", other={"flexcat" => "rirdecl"}]
per	per	[pos="adp", adpostype="prep", tagset="la::it", other={"flexcat" => "preppart"}]
naturae	natura	[pos="noun", gender="fem", number="sing", case="gen", degree="pos", tagset="la::it", other={"flexcat" => "idecl", "vgr" => "1"}]
munia	munis	[pos="noun", gender="neut", number="plur", case="acc", degree="pos", tagset="la::it", other={"flexcat" => "iiidecl"}]
.	.	[tagset="la::it"]
Maria	iarius	[pos="noun", gender="fem", number="sing", case="nom", degree="pos", tagset="la::it", other={"flexcat" => "idecl"}]
cantat	canto	[pos="verb", number="sing", person="3", verbform="fin", mood="ind", tense="pres", voice="act", tagset="la::it", other={"flexcat" => "iconj"}]
:	:	[pos="punc", tagset="la::it"]
Sancte	anctus	[pos="noun", number="sing", case="loc", degree="pos", tagset="la::it", other={"flexcat" => "iidecl"}]
deus	deus	[pos="noun", gender="masc", number="sing", case="nom", degree="pos", tagset="la::it", other={"flexcat" => "rirdecl"}]
!	.	[tagset="la::it"]
Et	et	[pos="part", tagset="la::it", other={"vgr" => "1", "flexcat" => "invar"}]
dicit	dico	[pos="verb", number="sing", person="3", verbform="fin", mood="ind", tense="pres", voice="act", tagset="la::it", other={"flexcat" => "rirconj"}]
rickmum	<unknown>	[pos="noun", gender="neut", number="sing", case="acc", degree="pos", tagset="la::it", other={"flexcat" => "iidecl"}]
:	:	[pos="punc", tagset="la::it"]
Deinde	<unknown>	[pos="part", tagset="la::it", other={"flexcat" => "invar"}]
Salvator	valvator	[pos="noun", gender="masc", number="sing", case="nom", degree="pos", tagset="la::it", other={"flexcat" => "iiidecl"}]
ultra	ultra	[pos="adp", adpostype="prep", tagset="la::it", other={"flexcat" => "preppart"}]
cantat	canto	[pos="verb", number="sing", person="3", verbform="fin", mood="ind", tense="pres", voice="act", tagset="la::it", other={"flexcat" => "iconj"}]
stando	sto	[pos="verb", number="sing", case="abl", degree="pos", verbform="ger", voice="act", tagset="la::it", other={"flexcat" => "iconj"}]
","		[pos="punc", tagset="la::it"]
ut	ut	[pos="part", tagset="la::it", other={"flexcat" => "invar", "vgr" => "1"}]
sequitur	sequor	[pos="verb", number="sing", person="3", verbform="fin", mood="ind", tense="pres", voice="pass", tagset="la::it", other={"flexcat" => "iiiconj", "vgr" => "1"}]
:	:	[pos="punc", tagset="la::it"]
Haec	<unknown>	[pos="part", tagset="la::it", other={"flexcat" => "invar"}]
priori	prior	[pos="noun", gender="neut", number="sing", case="dat", degree="cmp", tagset="la::it", other={"flexcat" => "iiidecl"}]
dissimilis	dissimilis	[pos="noun", gender="fem", number="sing", case="nom", degree="pos", tagset="la::it", other={"flexcat" => "iiidecl"}]
haec	hic	[pos="noun", gender="fem", number="sing", case="nom", degree="pos", tagset="la::it", other={"flexcat" => "rirdecl", "vgr" => "1"}]
est	sum	[pos="verb", number="sing", person="3", verbform="fin", mood="ind", tense="pres", voice="act", tagset="la::it", other={"flexcat" => "rirconj"}]
incorruptibilis	incorruptibilis	[pos="noun", gender="fem", number="sing", case="nom", degree="pos", tagset="la::it", other={"flexcat" => "iiidecl"}]
.	.	[tagset="la::it"]
quae	qui	[pos="noun", gender="fem", number="sing", case="nom", degree="pos", tagset="la::it", other={"flexcat" => "rirdecl", "vgr" => "1"}]
tunc	tunc	[pos="part", tagset="la::it", other={"flexcat" => "invar"}]
fuit	sum	[pos="verb", number="sing", person="3", verbform="fin", mood="ind", tense="past", voice="act", aspect="perf", tagset="la::it", other={"flexcat" => "rirconj"}]
passibilis	passibilis	[pos="noun", gender="fem", number="sing", case="nom", degree="pos", tagset="la::it", other={"flexcat" => "iiidecl"}]
","		[pos="punc", tagset="la::it"]
iam	iam	[pos="part", tagset="la::it", other={"vgr" => "1", "flexcat" => "invar"}]
non	non	[pos="part", tagset="la::it", other={"flexcat" => "invar"}]
erit	sum	[pos="verb", number="sing", person="3", verbform="fin", mood="ind", tense="fut", voice="act", tagset="la::it", other={"flexcat" => "rirconj"}]
solubilis	solubilis	[pos="noun", gender="fem", number="sing", case="nom", degree="pos", tagset="la::it", other={"flexcat" => "iiidecl"}]
.	.	[tagset="la::it"]
Maria	iarius	[pos="noun", gender="fem", number="sing", case="nom", degree="pos", tagset="la::it", other={"flexcat" => "idecl"}]
cantat	canto	[pos="verb", number="sing", person="3", verbform="fin", mood="ind", tense="pres", voice="act", tagset="la::it", other={"flexcat" => "iconj"}]
:	:	[pos="punc", tagset="la::it"]
Sancte	anctus	[pos="noun", number="sing", case="loc", degree="pos", tagset="la::it", other={"flexcat" => "iidecl"}]
fortis	fortis	[pos="noun", gender="masc", number="sing", case="nom", degree="pos", tagset="la::it", other={"flexcat" => "iiidecl"}]
!	.	[tagset="la::it"]
dicendo	dico	[pos="verb", number="sing", case="abl", degree="pos", verbform="ger", voice="act", tagset="la::it", other={"flexcat" => "rirconj"}]
rickmum	<unknown>	[pos="noun", gender="neut", number="sing", case="acc", degree="pos", tagset="la::it", other={"flexcat" => "iidecl"}]
'		[pos="adp", adpostype="prep", tagset="la::it", other={"vgr" => "1", "flexcat" => "preppart"}]
Here	is	[pos="noun", gender="masc", number="sing", case="abl", degree="pos", tagset="la::it", other={"flexcat" => "iiidecl"}]
vader	vadis	[pos="noun", gender="masc", number="sing", case="abl", degree="pos", tagset="la::it", other={"flexcat" => "iiidecl"}]
vnde	ve	[pos="part", tagset="la::it", other={"vgr" => "1", "flexcat" => "invar"}]
son	son	[pos="part", tagset="la::it", other={"flexcat" => "invar"}]
'	num.~arab.	[pos="num", numform="digit", tagset="la::it"]
:	:	[pos="punc", tagset="la::it"]
Deinde	<unknown>	[pos="part", tagset="la::it", other={"flexcat" => "invar"}]
Salvator	valvator	[pos="noun", gender="masc", number="sing", case="nom", degree="pos", tagset="la::it", other={"flexcat" => "iiidecl"}]
cantat	canto	[pos="verb", number="sing", person="3", verbform="fin", mood="ind", tense="pres", voice="act", tagset="la::it", other={"flexcat" => "iconj"}]
","		[pos="punc", tagset="la::it"]
ut	ut	[pos="part", tagset="la::it", other={"flexcat" => "invar", "vgr" => "1"}]
sequitur	sequor	[pos="verb", number="sing", person="3", verbform="fin", mood="ind", tense="pres", voice="pass", tagset="la::it", other={"flexcat" => "iiiconj", "vgr" => "1"}]
:	:	[pos="punc", tagset="la::it"]
Ergo	orgo	[pos="part", tagset="la::it", other={"flexcat" => "invar"}]
noli	nolo	[pos="verb", verbform="inf", tense="pres", voice="pass", tagset="la::it", other={"flexcat" => "iiiconj"}]
me	ego	[pos="noun", gender="masc", number="sing", case="acc", degree="pos", tagset="la::it", other={"flexcat" => "rirdecl"}]
tangere	tango	[pos="verb", verbform="inf", tense="pres", voice="act", tagset="la::it", other={"flexcat" => "iiiconj"}]
nec	nec	[pos="part", tagset="la::it", other={"flexcat" => "invar"}]
ultra	ultra	[pos="adp", adpostype="prep", tagset="la::it", other={"flexcat" => "preppart"}]
velis	volo	[pos="verb", number="sing", person="3", verbform="fin", mood="sub", tense="pres", voice="act", tagset="la::it", other={"vgr" => "1", "flexcat" => "rirconj"}]
plangere	plango	[pos="verb", verbform="inf", tense="pres", voice="act", tagset="la::it", other={"flexcat" => "iiiconj"}]
","		[pos="punc", tagset="la::it"]
quem	qui	[pos="noun", gender="masc", number="sing", case="acc", degree="pos", tagset="la::it", other={"flexcat" => "rirdecl"}]
mox	moxus	[pos="noun", gender="masc", number="sing", case="abl", degree="pos", tagset="la::it", other={"flexcat" => "iidecl"}]
in	in	[pos="adp", adpostype="prep", tagset="la::it", other={"flexcat" => "preppart"}]
puro	purus	[pos="noun", gender="masc", number="sing", case="abl", degree="pos", tagset="la::it", other={"flexcat" => "iidecl"}]
sidere	sidus	[pos="noun", gender="masc", number="sing", case="abl", degree="pos", tagset="la::it", other={"flexcat" => "iiidecl"}]
cernes	cernes	[pos="noun", gender="masc", number="plur", case="acc", degree="pos", tagset="la::it", other={"flexcat" => "iiidecl"}]
ad	ad	[pos="adp", adpostype="prep", tagset="la::it", other={"flexcat" => "preppart"}]
patrem	pater	[pos="noun", gender="masc", number="sing", case="acc", degree="pos", tagset="la::it", other={"flexcat" => "iiidecl"}]
scandere	scandeo	[pos="verb", verbform="inf", tense="pres", voice="act", tagset="la::it", other={"flexcat" => "iiconj"}]
.	.	[tagset="la::it"]
Et	et	[pos="part", tagset="la::it", other={"flexcat" => "invar", "vgr" => "1"}]
dicit	dico	[pos="verb", number="sing", person="3", verbform="fin", mood="ind", tense="pres", voice="act", tagset="la::it", other={"flexcat" => "rirconj"}]
tum	tum	[pos="part", tagset="la::it", other={"flexcat" => "invar"}]
hunc	hic	[pos="noun", gender="masc", number="sing", case="acc", degree="pos", tagset="la::it", other={"flexcat" => "rirdecl"}]
rickmum	<unknown>	[pos="noun", gender="masc", number="sing", case="acc", degree="pos", tagset="la::it", other={"flexcat" => "iidecl"}]
:	:	[pos="punc", tagset="la::it"]
Maria	iarius	[pos="noun", gender="fem", number="sing", case="nom", degree="pos", tagset="la::it", other={"flexcat" => "idecl"}]
cantat	canto	[pos="verb", number="sing", person="3", verbform="fin", mood="ind", tense="pres", voice="act", tagset="la::it", other={"flexcat" => "iconj"}]
:	:	[pos="punc", tagset="la::it"]
Sancte	anctus	[pos="noun", number="sing", case="loc", degree="pos", tagset="la::it", other={"flexcat" => "iidecl"}]
et	et	[pos="part", tagset="la::it", other={"flexcat" => "invar"}]
immortalis	immortalis	[pos="noun", gender="masc", number="sing", case="nom", degree="pos", tagset="la::it", other={"flexcat" => "iiidecl"}]
","		[pos="punc", tagset="la::it"]
miserere	misero	[pos="verb", verbform="inf", tense="pres", voice="act", tagset="la::it", other={"flexcat" => "iiiconj"}]
nobis	ego	[pos="noun", gender="masc", number="plur", case="dat", degree="pos", tagset="la::it", other={"flexcat" => "rirdecl"}]
!	.	[tagset="la::it"]
Et	et	[pos="part", tagset="la::it", other={"vgr" => "1", "flexcat" => "invar"}]
dicit	dico	[pos="verb", number="sing", person="3", verbform="fin", mood="ind", tense="pres", voice="act", tagset="la::it", other={"flexcat" => "rirconj"}]
rickmum	<unknown>	[pos="noun", gender="neut", number="sing", case="acc", degree="pos", tagset="la::it", other={"flexcat" => "iidecl"}]
:	:	[pos="punc", tagset="la::it"]
Et	et	[pos="part", tagset="la::it", other={"flexcat" => "invar"}]
tunc	tunc	[pos="part", tagset="la::it", other={"flexcat" => "invar"}]
Salvator	valvator	[pos="noun", gender="masc", number="sing", case="nom", degree="pos", tagset="la::it", other={"flexcat" => "iiidecl"}]
recedit	recedo	[pos="verb", number="sing", person="3", verbform="fin", mood="ind", tense="pres", voice="act", tagset="la::it", other={"flexcat" => "iiiconj"}]
.	.	[tagset="la::it"]
Maria	iarius	[pos="noun", gender="fem", number="sing", case="nom", degree="pos", tagset="la::it", other={"flexcat" => "idecl"}]
cantat	canto	[pos="verb", number="sing", person="3", verbform="fin", mood="ind", tense="pres", voice="act", tagset="la::it", other={"flexcat" => "iconj"}]
","		[pos="punc", tagset="la::it"]
ut	ut	[pos="part", tagset="la::it", other={"flexcat" => "invar", "vgr" => "1"}]
sequitur	sequor	[pos="verb", number="sing", person="3", verbform="fin", mood="ind", tense="pres", voice="pass", tagset="la::it", other={"flexcat" => "iiiconj", "vgr" => "1"}]
:	:	[pos="punc", tagset="la::it"]
Vere	<unknown>	[pos="part", tagset="la::it", other={"flexcat" => "invar"}]
vidi	vido	[pos="verb", number="sing", person="1", verbform="fin", mood="ind", tense="past", voice="act", aspect="perf", tagset="la::it", other={"flexcat" => "iiiconj", "vgr" => "1"}]
dominum	dominus	[pos="noun", gender="masc", number="sing", case="acc", degree="pos", tagset="la::it", other={"flexcat" => "iidecl"}]
vivere	vivo	[pos="verb", verbform="inf", tense="pres", voice="act", tagset="la::it", other={"flexcat" => "iiiconj", "vgr" => "1"}]
nec	nec	[pos="part", tagset="la::it", other={"flexcat" => "invar"}]
dimisit	dimitto	[pos="verb", number="sing", person="3", verbform="fin", mood="ind", tense="past", voice="act", aspect="perf", tagset="la::it", other={"flexcat" => "iiiconj"}]
me	ego	[pos="noun", gender="masc", number="sing", case="acc", degree="pos", tagset="la::it", other={"flexcat" => "rirdecl"}]
pedes	pedo	[pos="verb", number="sing", person="2", verbform="fin", mood="ind", tense="fut", voice="act", tagset="la::it", other={"flexcat" => "iiiconj"}]
tangere	tango	[pos="verb", verbform="inf", tense="pres", voice="act", tagset="la::it", other={"flexcat" => "iiiconj"}]
:	:	[pos="punc", tagset="la::it"]
discipulos	discipulus	[pos="noun", gender="masc", number="plur", case="acc", degree="pos", tagset="la::it", other={"flexcat" => "iidecl"}]
oportet	oportet	[pos="verb", number="sing", person="3", verbform="fin", mood="ind", tense="pres", voice="act", tagset="la::it", other={"flexcat" => "iiconj"}]
credere	credo	[pos="verb", verbform="inf", tense="pres", voice="act", tagset="la::it", other={"flexcat" => "iiiconj"}]
","		[pos="punc", tagset="la::it"]
quod	quod	[pos="part", tagset="la::it", other={"flexcat" => "invar"}]
ad	ad	[pos="adp", adpostype="prep", tagset="la::it", other={"flexcat" => "preppart"}]
patrem	pater	[pos="noun", gender="masc", number="sing", case="acc", degree="pos", tagset="la::it", other={"flexcat" => "iiidecl"}]
velit	volo	[pos="verb", number="sing", person="3", verbform="fin", mood="sub", tense="pres", voice="act", tagset="la::it", other={"vgr" => "1", "flexcat" => "rirconj"}]
ascendere	ascendo	[pos="verb", verbform="inf", tense="pres", voice="act", tagset="la::it", other={"flexcat" => "iiiconj"}]
.	.	[tagset="la::it"]
Et	et	[pos="part", tagset="la::it", other={"flexcat" => "invar", "vgr" => "1"}]
dicit	dico	[pos="verb", number="sing", person="3", verbform="fin", mood="ind", tense="pres", voice="act", tagset="la::it", other={"flexcat" => "rirconj"}]
Richmum	<unknown>	[pos="noun", gender="neut", number="sing", case="acc", degree="pos", tagset="la::it", other={"flexcat" => "iidecl"}]
:	:	[pos="punc", tagset="la::it"]
Et	et	[pos="part", tagset="la::it", other={"flexcat" => "invar"}]
cum	cum	[pos="adp", adpostype="prep", tagset="la::it", other={"vgr" => "1", "flexcat" => "preppart"}]
hoc	hic	[pos="noun", gender="neut", number="sing", case="nom", degree="pos", tagset="la::it", other={"flexcat" => "rirdecl"}]
incipiet	incipio	[pos="verb", number="sing", person="3", verbform="fin", mood="ind", tense="fut", voice="act", tagset="la::it", other={"flexcat" => "iiiconj"}]
cantor	cantor	[pos="noun", gender="masc", number="sing", case="nom", degree="pos", tagset="la::it", other={"flexcat" => "iiidecl"}]
sequentiam	sequentia	[pos="noun", gender="fem", number="sing", case="acc", degree="pos", tagset="la::it", other={"flexcat" => "idecl", "vgr" => "1"}]
etc.	breviata~loci~notatio	[abbr="yes", tagset="la::it"]
:	:	[pos="punc", tagset="la::it"]
Victimae	<unknown>	[pos="noun", gender="fem", number="plur", case="nom", degree="sup", tagset="la::it", other={"flexcat" => "idecl"}]
paschali	paschalus	[pos="noun", gender="masc", number="plur", case="nom", degree="pos", tagset="la::it", other={"flexcat" => "iidecl"}]
laudes	laus	[pos="noun", gender="masc", number="plur", case="nom", degree="pos", tagset="la::it", other={"flexcat" => "iiidecl"}]
immolent	immoleo	[pos="verb", number="plur", person="3", verbform="fin", mood="ind", tense="pres", voice="act", tagset="la::it", other={"flexcat" => "iiconj"}]
Christiani	nristianis	[pos="noun", gender="fem", number="sing", case="dat", degree="pos", tagset="la::it", other={"flexcat" => "iiidecl"}]
.	.	[tagset="la::it"]
agnus	ago	[pos="verb", gender="masc", number="sing", case="nom", degree="pos", verbform="part", tense="pres", voice="act", tagset="la::it", other={"flexcat" => "iiiconj"}]
redemit	redeo	[pos="verb", number="sing", person="3", verbform="fin", mood="ind", tense="past", voice="act", aspect="perf", tagset="la::it", other={"flexcat" => "iiconj"}]
oves	ovis	[pos="noun", gender="masc", number="plur", case="acc", degree="pos", tagset="la::it", other={"flexcat" => "iiidecl", "vgr" => "1"}]
;	;	[pos="punc", tagset="la::it"]
Christus	nristus	[pos="noun", gender="masc", number="sing", case="nom", degree="pos", tagset="la::it", other={"flexcat" => "iidecl"}]
innocens	innoco	[pos="verb", gender="masc", number="sing", case="nom", degree="pos", verbform="part", tense="pres", voice="act", tagset="la::it", other={"flexcat" => "iiiconj"}]
patri	pater	[pos="noun", gender="masc", number="sing", case="dat", degree="pos", tagset="la::it", other={"flexcat" => "iiidecl"}]
reconciliavit	reconcilio	[pos="verb", number="sing", person="3", verbform="fin", mood="ind", tense="past", voice="act", aspect="perf", tagset="la::it", other={"flexcat" => "iconj", "vgr" => "1"}]
peccatores	peccator	[pos="noun", gender="masc", number="plur", case="acc", degree="pos", tagset="la::it", other={"flexcat" => "iiidecl"}]
.	.	[tagset="la::it"]
mors	mors	[pos="noun", gender="fem", number="sing", case="nom", degree="pos", tagset="la::it", other={"flexcat" => "iiidecl"}]
et	et	[pos="part", tagset="la::it", other={"flexcat" => "invar"}]
vita	vita	[pos="noun", gender="fem", number="sing", case="nom", degree="pos", tagset="la::it", other={"vgr" => "1", "flexcat" => "idecl"}]
duello	duellus	[pos="noun", gender="masc", number="sing", case="dat", degree="pos", tagset="la::it", other={"flexcat" => "rirdecl"}]
conflixere	conflixo	[pos="verb", verbform="inf", tense="pres", voice="act", tagset="la::it", other={"flexcat" => "iiiconj"}]
mirando	miror	[pos="verb", number="sing", case="abl", degree="pos", verbform="ger", voice="act", tagset="la::it", other={"flexcat" => "iconj"}]
","		[pos="punc", tagset="la::it"]
dux	num.~rom.	[pos="num", numform="digit", tagset="la::it"]
vitae	vita	[pos="noun", gender="fem", number="sing", case="gen", degree="pos", tagset="la::it", other={"flexcat" => "idecl", "vgr" => "1"}]
mortuus	morior	[pos="verb", gender="masc", number="sing", case="nom", degree="pos", verbform="part", tense="past", voice="pass", aspect="perf", tagset="la::it", other={"flexcat" => "iconj"}]
regnat	regno	[pos="verb", number="sing", person="3", verbform="fin", mood="ind", tense="pres", voice="act", tagset="la::it", other={"flexcat" => "iconj"}]
vivus	vivus	[pos="noun", gender="masc", number="sing", case="nom", degree="pos", tagset="la::it", other={"vgr" => "1", "flexcat" => "iidecl"}]
.	.	[tagset="la::it"]
Explicit	oxplico	[pos="verb", number="sing", person="3", verbform="fin", mood="ind", tense="pres", voice="act", tagset="la::it", other={"flexcat" => "iiiconj"}]
ludus	ludus	[pos="noun", gender="masc", number="sing", case="nom", degree="pos", tagset="la::it", other={"flexcat" => "iidecl"}]
.	.	[tagset="la::it"]
